-- drop all tables
DROP SCHEMA public CASCADE;
CREATE SCHEMA public;

-- give access to postgres
GRANT ALL ON SCHEMA public TO pcc;
GRANT ALL ON SCHEMA public TO public;

-- create tables
-- Table Jour
CREATE TABLE IF NOT EXISTS Jour (
    ID INTEGER GENERATED BY DEFAULT AS IDENTITY PRIMARY KEY,
    nom VARCHAR(20) NOT NULL UNIQUE
);

-- Table Ligne
CREATE TABLE IF NOT EXISTS Ligne (
    ID INTEGER GENERATED BY DEFAULT AS IDENTITY PRIMARY KEY,
    nom VARCHAR(100) NOT NULL
);

-- Table Frequence
CREATE TABLE IF NOT EXISTS Frequence (
    ID INTEGER GENERATED BY DEFAULT AS IDENTITY PRIMARY KEY,
    recurrence INT NOT NULL,
    dateDebut DATE NOT NULL,
    dateFin DATE NOT NULL,
    heureDebut TIME NOT NULL,
    heureFin TIME NOT NULL,
    sens BOOLEAN NOT NULL,
    ligne INT NOT NULL REFERENCES Ligne(ID) ON DELETE CASCADE
);

-- Table association Frequence - Jour (s'applique)
CREATE TABLE IF NOT EXISTS Frequence_Jour (
    frequence INT NOT NULL REFERENCES Frequence(ID) ON DELETE CASCADE,
    jour INT NOT NULL REFERENCES Jour(ID) ON DELETE CASCADE,
    PRIMARY KEY (frequence, jour)
);

-- Table Station
CREATE TABLE IF NOT EXISTS Station (
    ID INTEGER GENERATED BY DEFAULT AS IDENTITY PRIMARY KEY,
    nom VARCHAR(100) NOT NULL
);

-- Table LigneStation
CREATE TABLE IF NOT EXISTS LigneStation (
    ID INTEGER GENERATED BY DEFAULT AS IDENTITY PRIMARY KEY,
    ordre INT NOT NULL,
    ligne INT NOT NULL REFERENCES Ligne(ID) ON DELETE CASCADE,
    station INT NOT NULL REFERENCES Station(ID) ON DELETE CASCADE,
    UNIQUE (ligne, ordre),
    UNIQUE (ligne, station)
);

-- Table ElementVoie
CREATE TABLE IF NOT EXISTS ElementVoie (
    ID INTEGER GENERATED BY DEFAULT AS IDENTITY PRIMARY KEY,
    longueur INT NOT NULL,
    elementSuivant INT REFERENCES ElementVoie(ID) ON DELETE SET NULL,
    ligneStation INT REFERENCES LigneStation(ID) ON DELETE SET NULL
);

-- Table Train
CREATE TABLE IF NOT EXISTS Train (
    ID INTEGER GENERATED BY DEFAULT AS IDENTITY PRIMARY KEY,
    vitesse FLOAT NOT NULL,
    dateArriveePosition TIMESTAMP NOT NULL,
    position INT NOT NULL REFERENCES ElementVoie(ID) ON DELETE CASCADE
);

-- Table Trajet
CREATE TABLE IF NOT EXISTS Trajet (
    ID INTEGER GENERATED BY DEFAULT AS IDENTITY PRIMARY KEY,
    ligne INT NOT NULL REFERENCES Ligne(ID) ON DELETE CASCADE,
    train INT NOT NULL REFERENCES Train(ID) ON DELETE CASCADE
);

-- Table Horaire
CREATE TABLE IF NOT EXISTS Horaire (
    ID INTEGER GENERATED BY DEFAULT AS IDENTITY PRIMARY KEY,
    dateArriveeTheorique TIMESTAMP NOT NULL,
    dateArriveeReelle TIMESTAMP,
    dateDepartTheorique TIMESTAMP NOT NULL,
    dateDepartReelle TIMESTAMP,
    trajet INT NOT NULL REFERENCES Trajet(ID) ON DELETE CASCADE,
    ligneStation INT NOT NULL REFERENCES LigneStation(ID) ON DELETE CASCADE
);

-- Table Incident
CREATE TABLE IF NOT EXISTS Incident (
    ID INTEGER GENERATED BY DEFAULT AS IDENTITY PRIMARY KEY,
    message TEXT NOT NULL,
    dateDebut TIMESTAMP NOT NULL,
    dateFin TIMESTAMP,
    trajet INT NOT NULL REFERENCES Trajet(ID) ON DELETE CASCADE
);

-- Table Utilisateur
CREATE TABLE IF NOT EXISTS Utilisateur (
    ID INTEGER GENERATED BY DEFAULT AS IDENTITY PRIMARY KEY,
    nom VARCHAR(100) NOT NULL,
    email VARCHAR(150) NOT NULL UNIQUE,
    motDePasse VARCHAR(255) NOT NULL
);

-- Table Itineraire
CREATE TABLE IF NOT EXISTS Itineraire (
    ID INTEGER GENERATED BY DEFAULT AS IDENTITY PRIMARY KEY,
    utilisateur INT NOT NULL REFERENCES Utilisateur(id),
    date TIMESTAMP NOT NULL,
    depart BOOLEAN NOT NULL,
    stationDepart INT NOT NULL REFERENCES Station(id),
    stationArrivee INT NOT NULL REFERENCES Station(id)
);

INSERT INTO Ligne (id, nom) VALUES
    (1, 'Ligne 8'),
    (2, 'Ligne 1');

-- Insertion stations
INSERT INTO Station (id, nom) VALUES
    (1, 'Balard'),
    (2, 'Lourmel'),
    (3, 'Boucicaut'),
    (4, 'Félix Faure'),
    (5, 'Commerce'),
    (6, 'La Motte-Picquet - Grenelle'),
    (7, 'École Militaire'),
    (8, 'La Tour-Maubourg'),
    (9, 'Invalides'),
    (10, 'Concorde'),
    (11, 'Madeleine'),
    (12, 'Opéra'),
    (13, 'Richelieu - Drouot'),
    (14, 'Grands Boulevards'),
    (15, 'Bonne Nouvelle'),
    (16, 'Strasbourg - Saint-Denis'),
    (17, 'République'),
    (18, 'Filles du Calvaire'),
    (19, 'Saint-Sébastien - Froissart'),
    (20, 'Chemin Vert'),
    (21, 'Bastille'),
    (22, 'Ledru-Rollin'),
    (23, 'Faidherbe - Chaligny'),
    (24, 'Reuilly - Diderot'),
    (25, 'Montgallet'),
    (26, 'Daumesnil'),
    (27, 'Michel Bizot'),
    (28, 'Porte Dorée'),
    (29, 'Porte de Charenton'),
    (30, 'Liberté'),
    (31, 'Charenton - Écoles'),
    (32, 'École Vétérinaire de Maisons-Alfort'),
    (33, 'Maisons-Alfort - Stade'),
    (34, 'Maisons-Alfort - Les Juilliottes'),
    (35, 'Créteil - L''Échat'),
    (36, 'Créteil - Université'),
    (37, 'Créteil - Préfecture'),
    (38, 'Pointe du Lac'),
    (39, 'La Défense'),
    (40, 'Esplanade de La Défense'),
    (41, 'Pont de Neuilly'),
    (42, 'Les Sablons'),
    (43, 'Porte Maillot'),
    (44, 'Argentine'),
    (45, 'Charles de Gaulle - Étoile'),
    (46, 'George V'),
    (47, 'Franklin D. Roosevelt'),
    (48, 'Champs-Élysées - Clemenceau'),
    (49, 'Tuileries'),
    (50, 'Palais Royal - Musée du Louvre'),
    (51, 'Louvre - Rivoli'),
    (52, 'Châtelet'),
    (53, 'Hôtel de Ville'),
    (54, 'Saint-Paul'),
    (55, 'Gare de Lyon'),
    (56, 'Nation'),
    (57, 'Porte de Vincennes'),
    (58, 'Saint-Mandé'),
    (59, 'Bérault'),
    (60, 'Château de Vincennes');

INSERT INTO LigneStation (id, ordre, ligne, station) VALUES
    (1, 1, 1, 1),
    (2, 2, 1, 2),
    (3, 3, 1, 3),
    (4, 4, 1, 4),
    (5, 5, 1, 5),
    (6, 6, 1, 6),
    (7, 7, 1, 7),
    (8, 8, 1, 8),
    (9, 9, 1, 9),
    (10, 10, 1, 10),
    (11, 11, 1, 11),
    (12, 12, 1, 12),
    (13, 13, 1, 13),
    (14, 14, 1, 14),
    (15, 15, 1, 15),
    (16, 16, 1, 16),
    (17, 17, 1, 17),
    (18, 18, 1, 18),
    (19, 19, 1, 19),
    (20, 20, 1, 20),
    (21, 21, 1, 21),
    (22, 22, 1, 22),
    (23, 23, 1, 23),
    (24, 24, 1, 24),
    (25, 25, 1, 25),
    (26, 26, 1, 26),
    (27, 27, 1, 27),
    (28, 28, 1, 28),
    (29, 29, 1, 29),
    (30, 30, 1, 30),
    (31, 31, 1, 31),
    (32, 32, 1, 32),
    (33, 33, 1, 33),
    (34, 34, 1, 34),
    (35, 35, 1, 35),
    (36, 36, 1, 36),
    (37, 37, 1, 37),
    (38, 38, 1, 38),
    (39, 1, 2, 39),
    (40, 2, 2, 40),
    (41, 3, 2, 41),
    (42, 4, 2, 42),
    (43, 5, 2, 43),
    (44, 6, 2, 44),
    (45, 7, 2, 45),
    (46, 8, 2, 46),
    (47, 9, 2, 47),
    (48, 10, 2, 48),
    (49, 11, 2, 10),
    (50, 12, 2, 49),
    (51, 13, 2, 50),
    (52, 14, 2, 51),
    (53, 15, 2, 52),
    (54, 16, 2, 53),
    (55, 17, 2, 54),
    (56, 18, 2, 21),
    (57, 19, 2, 55),
    (58, 20, 2, 24),
    (59, 21, 2, 56),
    (60, 22, 2, 57),
    (61, 23, 2, 58),
    (62, 24, 2, 59),
    (63, 25, 2, 60);

INSERT INTO ElementVoie (ID, longueur, elementSuivant, ligneStation) VALUES
     (77, 500, NULL, NULL),
     (76, 200, 77, 38),
     (75, 1400, 76, NULL),
     (74, 200, 75, 37),
     (73, 1000, 74, NULL),
     (72, 200, 73, 36),
     (71, 850, 72, NULL),
     (70, 200, 71, 35),
     (69, 1300, 70, NULL),
     (68, 200, 69, 34),
     (67, 900, 68, NULL),
     (66, 200, 67, 33),
     (65, 750, 66, NULL),
     (64, 200, 65, 32),
     (63, 1200, 64, NULL),
     (62, 200, 63, 31),
     (61, 800, 62, NULL),
     (60, 200, 61, 30),
     (59, 1100, 60, NULL),
     (58, 200, 59, 29),
     (57, 650, 58, NULL),
     (56, 200, 57, 28),
     (55, 700, 56, NULL),
     (54, 200, 55, 27),
     (53, 900, 54, NULL),
     (52, 200, 53, 26),
     (51, 850, 52, NULL),
     (50, 200, 51, 25),
     (49, 600, 50, NULL),
     (48, 200, 49, 24),
     (47, 750, 48, NULL),
     (46, 200, 47, 23),
     (45, 700, 46, NULL),
     (44, 200, 45, 22),
     (43, 650, 44, NULL),
     (42, 200, 43, 21),
     (41, 800, 42, NULL),
     (40, 200, 41, 20),
     (39, 450, 40, NULL),
     (38, 200, 39, 19),
     (37, 500, 38, NULL),
     (36, 200, 37, 18),
     (35, 600, 36, NULL),
     (34, 200, 35, 17),
     (33, 750, 34, NULL),
     (32, 200, 33, 16),
     (31, 650, 32, NULL),
     (30, 200, 31, 15),
     (29, 500, 30, NULL),
     (28, 200, 29, 14),
     (27, 550, 28, NULL),
     (26, 200, 27, 13),
     (25, 600, 26, NULL),
     (24, 200, 25, 12),
     (23, 700, 24, NULL),
     (22, 200, 23, 11),
     (21, 800, 22, NULL),
     (20, 200, 21, 10),
     (19, 950, 20, NULL),
     (18, 200, 19, 9),
     (17, 600, 18, NULL),
     (16, 200, 17, 8),
     (15, 550, 16, NULL),
     (14, 200, 15, 7),
     (13, 800, 14, NULL),
     (12, 200, 13, 6),
     (11, 900, 12, NULL),
     (10, 200, 11, 5),
     (9, 600, 10, NULL),
     (8, 200, 9, 4),
     (7, 850, 8, NULL),
     (6, 200, 7, 3),
     (5, 700, 6, NULL),
     (4, 200, 5, 2),
     (3, 650, 4, NULL),
     (2, 200, 3, 1),
     (1, 500, 2, NULL),
     (154, 500, NULL, NULL),
     (153, 200, 154, 1),
     (152, 650, 153, NULL),
     (151, 200, 152, 2),
     (150, 700, 151, NULL),
     (149, 200, 150, 3),
     (148, 850, 149, NULL),
     (147, 200, 148, 4),
     (146, 600, 147, NULL),
     (145, 200, 146, 5),
     (144, 900, 145, NULL),
     (143, 200, 144, 6),
     (142, 800, 143, NULL),
     (141, 200, 142, 7),
     (140, 550, 141, NULL),
     (139, 200, 140, 8),
     (138, 600, 139, NULL),
     (137, 200, 138, 9),
     (136, 950, 137, NULL),
     (135, 200, 136, 10),
     (134, 800, 135, NULL),
     (133, 200, 134, 11),
     (132, 700, 133, NULL),
     (131, 200, 132, 12),
     (130, 600, 131, NULL),
     (129, 200, 130, 13),
     (128, 550, 129, NULL),
     (127, 200, 128, 14),
     (126, 500, 127, NULL),
     (125, 200, 126, 15),
     (124, 650, 125, NULL),
     (123, 200, 124, 16),
     (122, 750, 123, NULL),
     (121, 200, 122, 17),
     (120, 600, 121, NULL),
     (119, 200, 120, 18),
     (118, 500, 119, NULL),
     (117, 200, 118, 19),
     (116, 450, 117, NULL),
     (115, 200, 116, 20),
     (114, 800, 115, NULL),
     (113, 200, 114, 21),
     (112, 650, 113, NULL),
     (111, 200, 112, 22),
     (110, 700, 111, NULL),
     (109, 200, 110, 23),
     (108, 750, 109, NULL),
     (107, 200, 108, 24),
     (106, 600, 107, NULL),
     (105, 200, 106, 25),
     (104, 850, 105, NULL),
     (103, 200, 104, 26),
     (102, 900, 103, NULL),
     (101, 200, 102, 27),
     (100, 700, 101, NULL),
     (99, 200, 100, 28),
     (98, 650, 99, NULL),
     (97, 200, 98, 29),
     (96, 1100, 97, NULL),
     (95, 200, 96, 30),
     (94, 800, 95, NULL),
     (93, 200, 94, 31),
     (92, 1200, 93, NULL),
     (91, 200, 92, 32),
     (90, 750, 91, NULL),
     (89, 200, 90, 33),
     (88, 900, 89, NULL),
     (87, 200, 88, 34),
     (86, 1300, 87, NULL),
     (85, 200, 86, 35),
     (84, 850, 85, NULL),
     (83, 200, 84, 36),
     (82, 1000, 83, NULL),
     (81, 200, 82, 37),
     (80, 1400, 81, NULL),
     (79, 200, 80, 38),
     (78, 500, 79, NULL),
     (205, 500, NULL, NULL),
     (204, 200, 205, 63),
     (203, 800, 204, NULL),
     (202, 200, 203, 62),
     (201, 700, 202, NULL),
     (200, 200, 201, 61),
     (199, 850, 200, NULL),
     (198, 200, 199, 60),
     (197, 1000, 198, NULL),
     (196, 200, 197, 59),
     (195, 900, 196, NULL),
     (194, 200, 195, 58),
     (193, 800, 194, NULL),
     (192, 200, 193, 57),
     (191, 750, 192, NULL),
     (190, 200, 191, 56),
     (189, 650, 190, NULL),
     (188, 200, 189, 55),
     (187, 600, 188, NULL),
     (186, 200, 187, 54),
     (185, 550, 186, NULL),
     (184, 200, 185, 53),
     (183, 500, 184, NULL),
     (182, 200, 183, 52),
     (181, 450, 182, NULL),
     (180, 200, 181, 51),
     (179, 600, 180, NULL),
     (178, 200, 179, 50),
     (177, 700, 178, NULL),
     (176, 200, 177, 49),
     (175, 650, 176, NULL),
     (174, 200, 175, 48),
     (173, 700, 174, NULL),
     (172, 200, 173, 47),
     (171, 650, 172, NULL),
     (170, 200, 171, 46),
     (169, 800, 170, NULL),
     (168, 200, 169, 45),
     (167, 650, 168, NULL),
     (166, 200, 167, 44),
     (165, 700, 166, NULL),
     (164, 200, 165, 43),
     (163, 900, 164, NULL),
     (162, 200, 163, 42),
     (161, 800, 162, NULL),
     (160, 200, 161, 41),
     (159, 950, 160, NULL),
     (158, 200, 159, 40),
     (157, 750, 158, NULL),
     (156, 200, 157, 39),
     (155, 500, 156, NULL),
     (256, 500, NULL, NULL),
     (255, 200, 256, 39),
     (254, 750, 255, NULL),
     (253, 200, 254, 40),
     (252, 950, 253, NULL),
     (251, 200, 252, 41),
     (250, 800, 251, NULL),
     (249, 200, 250, 42),
     (248, 900, 249, NULL),
     (247, 200, 248, 43),
     (246, 700, 247, NULL),
     (245, 200, 246, 44),
     (244, 650, 245, NULL),
     (243, 200, 244, 45),
     (242, 800, 243, NULL),
     (241, 200, 242, 46),
     (240, 650, 241, NULL),
     (239, 200, 240, 47),
     (238, 700, 239, NULL),
     (237, 200, 238, 48),
     (236, 650, 237, NULL),
     (235, 200, 236, 49),
     (234, 700, 235, NULL),
     (233, 200, 234, 50),
     (232, 600, 233, NULL),
     (231, 200, 232, 51),
     (230, 450, 231, NULL),
     (229, 200, 230, 52),
     (228, 500, 229, NULL),
     (227, 200, 228, 53),
     (226, 550, 227, NULL),
     (225, 200, 226, 54),
     (224, 600, 225, NULL),
     (223, 200, 224, 55),
     (222, 650, 223, NULL),
     (221, 200, 222, 56),
     (220, 750, 221, NULL),
     (219, 200, 220, 57),
     (218, 800, 219, NULL),
     (217, 200, 218, 58),
     (216, 900, 217, NULL),
     (215, 200, 216, 59),
     (214, 1000, 215, NULL),
     (213, 200, 214, 60),
     (212, 850, 213, NULL),
     (211, 200, 212, 61),
     (210, 700, 211, NULL),
     (209, 200, 210, 62),
     (208, 800, 209, NULL),
     (207, 200, 208, 63),
     (206, 500, 207, NULL);


-- Insertion trains
INSERT INTO Train (vitesse, dateArriveePosition, position) VALUES
    (0, NOW(), 1),
    (0, NOW(), 1),
    (0, NOW(), 1),
    (0, NOW(), 1),
    (0, NOW(), 1),
    (0, NOW(), 1),
    (0, NOW(), 1),
    (0, NOW(), 1),
    (0, NOW(), 1),
    (0, NOW(), 1),
    (0, NOW(), 1),
    (0, NOW(), 1),
    (0, NOW(), 1),
    (0, NOW(), 1),
    (0, NOW(), 1),
    (0, NOW(), 1),
    (0, NOW(), 1),
    (0, NOW(), 1),
    (0, NOW(), 1),
    (0, NOW(), 1),
    (0, NOW(), 1),
    (0, NOW(), 1),
    (0, NOW(), 1),
    (0, NOW(), 1),
    (0, NOW(), 1),
    (0, NOW(), 1),
    (0, NOW(), 1),
    (0, NOW(), 1),
    (0, NOW(), 1),
    (0, NOW(), 1),
    (0, NOW(), 1),
    (0, NOW(), 77),
    (0, NOW(), 77),
    (0, NOW(), 77),
    (0, NOW(), 77),
    (0, NOW(), 77),
    (0, NOW(), 77),
    (0, NOW(), 77),
    (0, NOW(), 77),
    (0, NOW(), 77),
    (0, NOW(), 77),
    (0, NOW(), 77),
    (0, NOW(), 77),
    (0, NOW(), 77),
    (0, NOW(), 77),
    (0, NOW(), 77),
    (0, NOW(), 77),
    (0, NOW(), 77),
    (0, NOW(), 77),
    (0, NOW(), 77),
    (0, NOW(), 77),
    (0, NOW(), 77),
    (0, NOW(), 77),
    (0, NOW(), 77),
    (0, NOW(), 77),
    (0, NOW(), 77),
    (0, NOW(), 77),
    (0, NOW(), 77),
    (0, NOW(), 77),
    (0, NOW(), 77),
    (0, NOW(), 77),
    (0, NOW(), 77),
    (0, NOW(), 104),
    (0, NOW(), 104),
    (0, NOW(), 104),
    (0, NOW(), 104),
    (0, NOW(), 104),
    (0, NOW(), 104),
    (0, NOW(), 104),
    (0, NOW(), 104),
    (0, NOW(), 104),
    (0, NOW(), 104),
    (0, NOW(), 104),
    (0, NOW(), 104),
    (0, NOW(), 104),
    (0, NOW(), 104),
    (0, NOW(), 104),
    (0, NOW(), 104),
    (0, NOW(), 104),
    (0, NOW(), 104),
    (0, NOW(), 104),
    (0, NOW(), 104),
    (0, NOW(), 104),
    (0, NOW(), 104),
    (0, NOW(), 104),
    (0, NOW(), 104),
    (0, NOW(), 104),
    (0, NOW(), 154),
    (0, NOW(), 154),
    (0, NOW(), 154),
    (0, NOW(), 154),
    (0, NOW(), 154),
    (0, NOW(), 154),
    (0, NOW(), 154),
    (0, NOW(), 154),
    (0, NOW(), 154),
    (0, NOW(), 154),
    (0, NOW(), 154),
    (0, NOW(), 154),
    (0, NOW(), 154),
    (0, NOW(), 154),
    (0, NOW(), 154),
    (0, NOW(), 154),
    (0, NOW(), 154),
    (0, NOW(), 154),
    (0, NOW(), 154),
    (0, NOW(), 154),
    (0, NOW(), 154),
    (0, NOW(), 154),
    (0, NOW(), 154),
    (0, NOW(), 154),
    (0, NOW(), 154);

-- Insertion jours
INSERT INTO Jour (id, nom) VALUES
    (1, 'Lundi'),
    (2, 'Mardi'),
    (3, 'Mercredi'),
    (4, 'Jeudi'),
    (5, 'Vendredi'),
    (6, 'Samedi'),
    (7, 'Dimanche');

-- Insertion fréquences
INSERT INTO Frequence (id, recurrence, dateDebut, dateFin, heureDebut, heureFin, sens, ligne) VALUES
    (1, 2, '2025-09-01', '2026-08-31', '07:30:00', '09:30:00', true, 1),
    (2, 2, '2025-09-01', '2026-08-31', '07:30:00', '09:30:00', false, 1),
    (3, 4, '2025-09-01', '2026-08-31', '09:30:00', '17:30:00', true, 1),
    (4, 4, '2025-09-01', '2026-08-31', '09:30:00', '17:30:00', false, 1),
    (5, 2, '2025-09-01', '2026-08-31', '17:30:00', '19:30:00', true, 1),
    (6, 2, '2025-09-01', '2026-08-31', '17:30:00', '19:30:00', false, 1),
    (7, 6, '2025-09-01', '2026-08-31', '19:30:00', '23:00:00', true, 1),
    (8, 6, '2025-09-01', '2026-08-31', '19:30:00', '23:00:00', false, 1),
    (9, 5, '2025-09-01', '2026-08-31', '09:00:00', '21:00:00', true, 1),
    (10, 5, '2025-09-01', '2026-08-31', '09:00:00', '21:00:00', false, 1),
    (11, 7, '2025-09-01', '2026-08-31', '21:00:00', '23:00:00', true, 1),
    (12, 7, '2025-09-01', '2026-08-31', '21:00:00', '23:00:00', false, 1),
    (13, 2, '2026-01-01', '2026-12-31', '07:30:00', '09:30:00', true, 2),
    (14, 2, '2026-01-01', '2026-12-31', '07:30:00', '09:30:00', false, 2),
    (15, 3, '2026-01-01', '2026-12-31', '09:30:00', '17:00:00', true, 2),
    (16, 3, '2026-01-01', '2026-12-31', '09:30:00', '17:00:00', false, 2),
    (17, 2, '2026-01-01', '2026-12-31', '17:00:00', '20:00:00', true, 2),
    (18, 2, '2026-01-01', '2026-12-31', '17:00:00', '20:00:00', false, 2),
    (19, 4, '2026-01-01', '2026-12-31', '20:00:00', '23:00:00', true, 2),
    (20, 4, '2026-01-01', '2026-12-31', '20:00:00', '23:00:00', false, 2),
    (21, 3, '2026-01-01', '2026-12-31', '09:00:00', '21:00:00', true, 2),
    (22, 3, '2026-01-01', '2026-12-31', '09:00:00', '21:00:00', false, 2),
    (23, 5, '2026-01-01', '2026-12-31', '21:00:00', '23:00:00', true, 2),
    (24, 5, '2026-01-01', '2026-12-31', '21:00:00', '23:00:00', false, 2);


INSERT INTO Frequence_Jour (frequence, jour) VALUES
    (1, 1),
    (1, 2),
    (1, 3),
    (1, 4),
    (1, 5),
    (2, 1),
    (2, 2),
    (2, 3),
    (2, 4),
    (2, 5),
    (3, 1),
    (3, 2),
    (3, 3),
    (3, 4),
    (3, 5),
    (4, 1),
    (4, 2),
    (4, 3),
    (4, 4),
    (4, 5),
    (5, 1),
    (5, 2),
    (5, 3),
    (5, 4),
    (5, 5),
    (6, 1),
    (6, 2),
    (6, 3),
    (6, 4),
    (6, 5),
    (7, 1),
    (7, 2),
    (7, 3),
    (7, 4),
    (7, 5),
    (8, 1),
    (8, 2),
    (8, 3),
    (8, 4),
    (8, 5),
    (9, 6),
    (9, 7),
    (10, 6),
    (10, 7),
    (11, 6),
    (11, 7),
    (12, 6),
    (12, 7),
    (13, 1),
    (13, 2),
    (13, 3),
    (13, 4),
    (13, 5),
    (14, 1),
    (14, 2),
    (14, 3),
    (14, 4),
    (14, 5),
    (15, 1),
    (15, 2),
    (15, 3),
    (15, 4),
    (15, 5),
    (16, 1),
    (16, 2),
    (16, 3),
    (16, 4),
    (16, 5),
    (17, 1),
    (17, 2),
    (17, 3),
    (17, 4),
    (17, 5),
    (18, 1),
    (18, 2),
    (18, 3),
    (18, 4),
    (18, 5),
    (19, 1),
    (19, 2),
    (19, 3),
    (19, 4),
    (19, 5),
    (20, 1),
    (20, 2),
    (20, 3),
    (20, 4),
    (20, 5),
    (21, 6),
    (21, 7),
    (22, 6),
    (22, 7),
    (23, 6),
    (23, 7),
    (24, 6),
    (24, 7);
